{
  "depth_intrinsics": [
    638.8107299804688,
    638.8107299804688,
    642.3486328125,
    358.64312744140625
  ],
  "color_intrinsics": [
    1379.29443359375,
    1380.1895751953125,
    975.5435791015625,
    527.3731689453125
  ],
  "color_dist_coeffs": [
    0.0,
    0.0,
    0.0,
    0.0,
    0.0
  ],
  "extrinsics_color_to_depth": {
    "R": [
      [
        0.9999454617500305,
        0.010131933726370335,
        0.0025252243503928185
      ],
      [
        -0.010131806135177612,
        0.9999486804008484,
        -6.323143315967172e-05
      ],
      [
        -0.0025257354136556387,
        3.7642905226675794e-05,
        0.9999967813491821
      ]
    ],
    "t": [
      -14.690645217895508,
      -0.46695631742477417,
      -0.6590744256973267
    ]
  },
  "extrinsics_depth_to_color": {
    "R": [
      [
        0.9999454617500305,
        -0.010131806135177612,
        -0.0025257354136556387
      ],
      [
        0.010131933726370335,
        0.9999486804008484,
        3.7642905226675794e-05
      ],
      [
        0.0025252243503928185,
        -6.323143315967172e-05,
        0.9999967813491821
      ]
    ],
    "t": [
      14.696239471435547,
      0.3180479407310486,
      0.6219851970672607
    ]
  },
  "extrinsics_ir_left_to_right": {
    "R": [
      [
        1.0,
        0.0,
        0.0
      ],
      [
        0.0,
        1.0,
        0.0
      ],
      [
        0.0,
        0.0,
        1.0
      ]
    ],
    "t": [
      -50.08732986450195,
      0.0,
      0.0
    ]
  },
  "extrinsics_ir_right_to_left": {
    "R": [
      [
        1.0,
        0.0,
        0.0
      ],
      [
        0.0,
        1.0,
        0.0
      ],
      [
        0.0,
        0.0,
        1.0
      ]
    ],
    "t": [
      50.08732986450195,
      0.0,
      0.0
    ]
  },
  "desk_plane": [
    0.008152267952667484,
    -0.9690639315786495,
    -0.24667519787473605,
    0.2644056046046367
  ]
}